<application>
  <component name="ConsoleFoldingSettings">
    <option name="addedPositive">
      <list>
        <option value="$USER_HOME$/dev/selfdevstation/macos/Pods/Pods.xcodeproj: warning: The macOS deployment target" />
        <option value="D/EGL_emulation" />
        <option value="I/flutter (29955): Exception: Failed to load font with url" />
        <option value="In file included from" />
        <option value="warning: Run script build phase 'Create Symlinks to Header Folders'" />
        <option value="ld: warning: ignoring duplicate libraries:" />
      </list>
    </option>
  </component>
</application>