<application>
  <component name="GeneralSettings">
    <option name="showTipsOnStartup" value="false" />
    <option name="confirmOpenNewProject2" value="0" />
  </component>
  <component name="Registry">
    <entry key="ide.experimental.ui" value="true" />
    <entry key="ide.instant.shutdown" value="false" />
    <entry key="documentation.show.toolbar" value="true" />
    <entry key="debugger.new.tool.window.layout" value="true" />
  </component>
  <component name="StatusBar">
    <option name="widgets">
      <map>
        <entry key="ClangTidyStatusBarWidget" value="false" />
        <entry key="InsertOverwrite" value="false" />
        <entry key="LineSeparator" value="false" />
        <entry key="Notifications" value="false" />
        <entry key="ReadOnlyAttribute" value="false" />
        <entry key="SendFeedbackPanel" value="false" />
        <entry key="VFS_REFRESH" value="true" />
        <entry key="git" value="true" />
        <entry key="github.copilot.statusBarWidgetFactory" value="false" />
      </map>
    </option>
  </component>
</application>