<application>
  <component name="ProjectManager">
    <defaultProject>
      <component name="ProjectViewState">
        <option name="autoscrollFromSource" value="true" />
        <option name="autoscrollToSource" value="true" />
        <option name="hideEmptyMiddlePackages" value="true" />
        <option name="showLibraryContents" value="true" />
      </component>
      <component name="PropertiesComponent">{
  &quot;keyToString&quot;: {
    &quot;settings.editor.selected.configurable&quot;: &quot;preferences.lookFeel&quot;
  }
}</component>
      <component name="WindowStateProjectService">
        <state x="250" y="105" key="SettingsEditor" timestamp="1693854409874">
          <screen x="0" y="38" width="1512" height="944" />
        </state>
        <state x="250" y="105" key="SettingsEditor/0.38.1512.944" timestamp="1693854409874" />
      </component>
    </defaultProject>
  </component>
</application>