<application>
  <component name="DependencyUISettings">
    <option name="UI_FLATTEN_PACKAGES" value="false" />
    <option name="UI_GROUP_BY_SCOPE_TYPE" value="false" />
    <option name="UI_COMPACT_EMPTY_MIDDLE_PACKAGES" value="false" />
    <option name="SCOPE_TYPE" value="file" />
  </component>
  <component name="UISettings">
    <option name="HIDE_TOOL_STRIPES" value="true" />
    <option name="MAX_LOOKUP_LIST_HEIGHT" value="15" />
    <option name="MAX_LOOKUP_WIDTH2" value="532" />
    <option name="SHOW_STATUS_BAR" value="false" />
    <option name="UI_DENSITY" value="COMPACT" />
  </component>
</application>