<keymap version="1" name="blazing_keys" parent="Mac OS X 10.5+">
  <action id="ActivateTerminalToolWindow">
    <keyboard-shortcut first-keystroke="meta t" />
  </action>
  <action id="Android.CleanRun" />
  <action id="Back">
    <keyboard-shortcut first-keystroke="meta alt left" />
    <mouse-shortcut keystroke="button4" />
  </action>
  <action id="ChangesView.ShelveSilently" />
  <action id="ClassNameCompletion">
    <keyboard-shortcut first-keystroke="alt space" />
  </action>
  <action id="Dart.NewDartFile">
    <keyboard-shortcut first-keystroke="shift alt 6" />
  </action>
  <action id="EditorFocusGutter" />
  <action id="EditorLineEnd">
    <keyboard-shortcut first-keystroke="alt close_bracket" />
  </action>
  <action id="EditorLineEndWithSelection">
    <keyboard-shortcut first-keystroke="shift alt close_bracket" />
  </action>
  <action id="EditorLineStart">
    <keyboard-shortcut first-keystroke="alt open_bracket" />
  </action>
  <action id="EditorLineStartWithSelection">
    <keyboard-shortcut first-keystroke="shift alt open_bracket" />
  </action>
  <action id="EditorNextWord">
    <keyboard-shortcut first-keystroke="meta right" />
  </action>
  <action id="EditorNextWordInDifferentHumpsMode">
    <keyboard-shortcut first-keystroke="alt right" />
  </action>
  <action id="EditorNextWordInDifferentHumpsModeWithSelection">
    <keyboard-shortcut first-keystroke="shift alt right" />
  </action>
  <action id="EditorNextWordWithSelection">
    <keyboard-shortcut first-keystroke="shift meta right" />
  </action>
  <action id="EditorPreviousWord">
    <keyboard-shortcut first-keystroke="meta left" />
  </action>
  <action id="EditorPreviousWordInDifferentHumpsMode">
    <keyboard-shortcut first-keystroke="alt left" />
  </action>
  <action id="EditorPreviousWordInDifferentHumpsModeWithSelection">
    <keyboard-shortcut first-keystroke="shift alt left" />
  </action>
  <action id="EditorPreviousWordWithSelection">
    <keyboard-shortcut first-keystroke="shift meta left" />
  </action>
  <action id="EditorShowGutterIconTooltip" />
  <action id="FileChooser.TogglePathBar" />
  <action id="FindPrevious" />
  <action id="Forward">
    <keyboard-shortcut first-keystroke="meta alt right" />
    <mouse-shortcut keystroke="button5" />
  </action>
  <action id="Github.Copy.Link.To.GitHub">
    <keyboard-shortcut first-keystroke="shift meta g" />
  </action>
  <action id="GotoSuperMethod" />
  <action id="InsertLiveTemplate" />
  <action id="MethodHierarchy" />
  <action id="MethodHierarchy.BaseOnThisMethod" />
  <action id="NavBar-selectHome">
    <keyboard-shortcut first-keystroke="home" />
    <keyboard-shortcut first-keystroke="ctrl a" />
  </action>
  <action id="NextTab">
    <keyboard-shortcut first-keystroke="meta close_bracket" />
  </action>
  <action id="NextWindow" />
  <action id="ParameterInfo" />
  <action id="PreviousTab">
    <keyboard-shortcut first-keystroke="meta open_bracket" />
  </action>
  <action id="QuickImplementations">
    <keyboard-shortcut first-keystroke="meta y" />
  </action>
  <action id="ReformatCode">
    <keyboard-shortcut first-keystroke="meta r" />
  </action>
  <action id="Refresh" />
  <action id="Replace" />
  <action id="SelectNextOccurrence">
    <keyboard-shortcut first-keystroke="meta j" />
  </action>
  <action id="Terminal.NewTab" />
  <action id="Vcs.Push">
    <keyboard-shortcut first-keystroke="meta p" />
  </action>
  <action id="Vcs.ShowHistoryForBlock">
    <keyboard-shortcut first-keystroke="shift meta h" />
  </action>
  <action id="Vcs.ShowTabbedFileHistory">
    <keyboard-shortcut first-keystroke="alt h" />
  </action>
  <action id="Vcs.UpdateProject">
    <keyboard-shortcut first-keystroke="meta u" />
  </action>
  <action id="ViewStatusBar">
    <keyboard-shortcut first-keystroke="meta back_quote" />
  </action>
  <action id="android.deploy.ApplyChanges">
    <keyboard-shortcut first-keystroke="ctrl meta e" />
  </action>
  <action id="android.deploy.CodeSwap">
    <keyboard-shortcut first-keystroke="shift ctrl meta e" />
  </action>
  <action id="android.device.home.button" />
  <action id="android.device.rotate.right" />
  <action id="org.intellij.plugins.markdown.ui.actions.styling.InsertImageAction" />
</keymap>