<keymap version="1" name="macOS copy" parent="Mac OS X 10.5+">
  <action id="ActivateFindToolWindow" />
  <action id="ActivateRunningDevicesToolWindow">
    <keyboard-shortcut first-keystroke="meta 3" />
  </action>
  <action id="ActivateTerminalToolWindow">
    <keyboard-shortcut first-keystroke="alt f12" />
    <keyboard-shortcut first-keystroke="meta t" />
  </action>
  <action id="Android.CleanRun" />
  <action id="Dart.DartSortMembers">
    <keyboard-shortcut first-keystroke="meta alt r" />
  </action>
  <action id="EditorLineEnd">
    <keyboard-shortcut first-keystroke="ctrl e" />
  </action>
  <action id="EditorLineStart">
    <keyboard-shortcut first-keystroke="ctrl a" />
  </action>
  <action id="FileChooser.GotoModule" />
  <action id="Github.PullRequest.Comments.Reload" />
  <action id="Github.PullRequest.Details.Reload" />
  <action id="GotoSymbol" />
  <action id="InsertLiveTemplate" />
  <action id="NavBar-selectHome">
    <keyboard-shortcut first-keystroke="ctrl a" />
  </action>
  <action id="NextTab">
    <keyboard-shortcut first-keystroke="meta right" />
  </action>
  <action id="OptimizeImports">
    <keyboard-shortcut first-keystroke="ctrl alt o" />
    <keyboard-shortcut first-keystroke="meta alt o" />
  </action>
  <action id="PreviousTab">
    <keyboard-shortcut first-keystroke="meta left" />
  </action>
  <action id="ReformatCode">
    <keyboard-shortcut first-keystroke="meta alt l" />
    <keyboard-shortcut first-keystroke="meta r" />
  </action>
  <action id="Refresh" />
  <action id="Replace" />
  <action id="Resume">
    <keyboard-shortcut first-keystroke="f9" />
  </action>
  <action id="SelectNextOccurrence">
    <keyboard-shortcut first-keystroke="ctrl g" />
    <keyboard-shortcut first-keystroke="meta j" />
  </action>
  <action id="Svn.RefreshWorkingCopies" />
  <action id="Switcher">
    <keyboard-shortcut first-keystroke="shift ctrl tab" />
  </action>
  <action id="Vcs.Log.Refresh" />
  <action id="Vcs.UpdateProject" />
  <action id="android.deploy.ApplyChanges">
    <keyboard-shortcut first-keystroke="ctrl meta e" />
  </action>
  <action id="android.deploy.CodeSwap">
    <keyboard-shortcut first-keystroke="shift ctrl meta e" />
  </action>
  <action id="android.device.rotate.right" />
</keymap>